"MessageNumber","DiagnosisTypes","Timestamp","TimeElapsed","Module","Summary","UsbDevice","TransferData"
"5045","Validation","2017-08-01T09:26:15.5417503","1.8064515","UsbSpec","Interrupt In Transfer - Canceled","2 ","",
"5042","None","2017-08-01T09:26:15.3335740","0.0004542","UsbSpec","Control Out Transfer","2 ","04,00,70,00,00,00,00,00",
"5041","Validation","2017-08-01T09:26:15.3334709","2.0147196","UsbSpec","Interrupt In Transfer - Canceled","2 ","",
"5038","Validation","2017-08-01T09:26:15.2307707","0.0006850","UsbSpec","Control Out Transfer","2 ","53,00,62,00,00,00,00,00",
"5037","Validation","2017-08-01T09:26:13.1978358","2.3438824","UsbSpec","Interrupt In Transfer","2 ","00,04,00,0C,37,12,00,00",
"5034","None","2017-08-01T09:26:12.9900043","0.0006811","UsbSpec","Control Out Transfer","2 ","04,00,D6,00,00,00,00,00",
"5033","None","2017-08-01T09:26:12.9899325","2.3435040","UsbSpec","Interrupt In Transfer","2 ","00,53,00,00,00,38,00,00",
"5030","None","2017-08-01T09:26:12.8841155","0.0007989","UsbSpec","Control Out Transfer","2 ","53,00,62,00,00,00,00,00",
"5029","Validation","2017-08-01T09:26:10.9015684","2.2962357","UsbSpec","Interrupt In Transfer","2 ","00,04,00,0C,44,F5,00,00",
"5026","None","2017-08-01T09:26:10.6941001","0.0009533","UsbSpec","Control Out Transfer","2 ","04,01,96,00,00,00,00,00",
"5025","None","2017-08-01T09:26:10.6940717","2.2958170","UsbSpec","Interrupt In Transfer","2 ","00,53,00,00,00,6B,00,00",
"5022","Validation","2017-08-01T09:26:10.5881905","0.0005546","UsbSpec","Control Out Transfer","2 ","53,00,62,00,00,00,00,00",
"5021","Validation","2017-08-01T09:26:08.5661235","2.3354154","UsbSpec","Interrupt In Transfer","2 ","00,04,00,0C,40,FC,00,00",
"5018","None","2017-08-01T09:26:08.3576387","0.0004829","UsbSpec","Control Out Transfer","2 ","04,02,F0,00,00,00,00,00",
"5017","None","2017-08-01T09:26:08.3575760","2.3364380","UsbSpec","Interrupt In Transfer","2 ","00,53,00,00,00,CB,00,00",
"5014","None","2017-08-01T09:26:08.2507365","0.0006834","UsbSpec","Control Out Transfer","2 ","53,00,62,00,00,00,00,00",
"5013","None","2017-08-01T09:26:06.1979359","2.3681457","UsbSpec","Interrupt In Transfer","2 ","00,04,00,0C,43,F0,00,00",
"5010","None","2017-08-01T09:26:05.9898521","0.0006766","UsbSpec","Control Out Transfer","2 ","04,04,94,00,00,00,00,00",
"5009","None","2017-08-01T09:26:05.9897660","2.3677730","UsbSpec","Interrupt In Transfer","2 ","00,53,00,00,01,78,00,00",
"5006","Validation","2017-08-01T09:26:05.8827565","0.0006786","UsbSpec","Control Out Transfer","2 ","53,00,62,00,00,00,00,00",
"5005","None","2017-08-01T09:26:03.8534313","2.3444736","UsbSpec","Interrupt In Transfer","2 ","00,04,00,0C,40,54,00,00",
"5002","None","2017-08-01T09:26:03.6457497","0.0006751","UsbSpec","Control Out Transfer","2 ","04,06,D8,00,00,00,00,00",
"5001","None","2017-08-01T09:26:03.6456832","2.3440220","UsbSpec","Interrupt In Transfer","2 ","00,53,00,00,02,4A,00,00",
"4998","Validation","2017-08-01T09:26:03.5430997","0.0005951","UsbSpec","Control Out Transfer","2 ","53,00,62,00,00,00,00,00",
"4997","None","2017-08-01T09:26:01.5416551","2.3117619","UsbSpec","Interrupt In Transfer","2 ","00,04,00,0C,40,E0,00,00",
"4994","None","2017-08-01T09:26:01.3339040","0.0007914","UsbSpec","Control Out Transfer","2 ","04,09,DA,00,00,00,00,00",
"4993","None","2017-08-01T09:26:01.3338368","2.3118094","UsbSpec","Interrupt In Transfer","2 ","00,53,00,00,03,6C,00,00",
"4990","None","2017-08-01T09:26:01.2257912","0.0005158","UsbSpec","Control Out Transfer","2 ","53,00,62,00,00,00,00,00",
"4989","None","2017-08-01T09:25:59.2134779","2.3281455","UsbSpec","Interrupt In Transfer","2 ","00,04,00,0C,40,E0,00,00",
"4986","None","2017-08-01T09:25:59.0056154","0.0004833","UsbSpec","Control Out Transfer","2 ","04,00,86,00,00,00,00,00",
"4985","Validation","2017-08-01T09:25:59.0055285","2.3282614","UsbSpec","Interrupt In Transfer","2 ","00,53,00,00,04,ED,00,00",
"4982","None","2017-08-01T09:25:58.8984968","0.0005014","UsbSpec","Control Out Transfer","2 ","53,00,62,00,00,00,00,00",
"4981","None","2017-08-01T09:25:56.8537379","2.3597019","UsbSpec","Interrupt In Transfer","2 ","00,04,00,0C,2D,A0,00,00",
"4978","None","2017-08-01T09:25:56.6457002","0.0006053","UsbSpec","Control Out Transfer","2 ","04,01,32,00,00,00,00,00",
"4977","Validation","2017-08-01T09:25:56.6456288","2.3598812","UsbSpec","Interrupt In Transfer","2 ","00,53,00,00,00,43,00,00",
"4974","None","2017-08-01T09:25:56.5402762","0.0005950","UsbSpec","Control Out Transfer","2 ","53,00,62,00,00,00,00,00",
"4973","Validation","2017-08-01T09:25:54.5334718","2.3202355","UsbSpec","Interrupt In Transfer","2 ","00,04,00,0C,44,0C,00,00",
"4970","None","2017-08-01T09:25:54.3255821","0.0006981","UsbSpec","Control Out Transfer","2 ","04,02,74,00,00,00,00,00",
"4969","None","2017-08-01T09:25:54.3255481","2.3200426","UsbSpec","Interrupt In Transfer","2 ","00,53,00,00,00,99,00,00",
"4966","None","2017-08-01T09:25:54.2169539","0.0005558","UsbSpec","Control Out Transfer","2 ","53,00,62,00,00,00,00,00",
"4965","None","2017-08-01T09:25:52.1898874","2.3435685","UsbSpec","Interrupt In Transfer","2 ","00,04,00,0C,3A,A4,00,00",
"4962","None","2017-08-01T09:25:51.9818519","0.0005200","UsbSpec","Control Out Transfer","2 ","04,04,B6,00,00,00,00,00",
"4961","Validation","2017-08-01T09:25:51.9817621","2.3437498","UsbSpec","Interrupt In Transfer","2 ","00,53,00,00,01,3A,00,00",
"4958","Validation","2017-08-01T09:25:51.8779514","0.0007730","UsbSpec","Control Out Transfer","2 ","53,00,62,00,00,00,00,00",
"4957","None","2017-08-01T09:25:49.8216258","2.3682465","UsbSpec","Interrupt In Transfer","2 ","00,04,00,0C,3F,DA,00,00",
"4954","None","2017-08-01T09:25:49.6136205","0.0006820","UsbSpec","Control Out Transfer","2 ","04,07,74,00,00,00,00,00",
"4953","None","2017-08-01T09:25:49.6135454","2.3681970","UsbSpec","Interrupt In Transfer","2 ","00,53,00,00,02,5B,00,00",
"4950","None","2017-08-01T09:25:49.5096430","0.0004663","UsbSpec","Control Out Transfer","2 ","53,00,62,00,00,00,00,00",
"4949","None","2017-08-01T09:25:47.4854846","2.3361102","UsbSpec","Interrupt In Transfer","2 ","00,04,00,0C,40,C4,00,00",
"4946","None","2017-08-01T09:25:47.2781247","0.0004991","UsbSpec","Control Out Transfer","2 ","04,0B,32,00,00,00,00,00",
"4945","None","2017-08-01T09:25:47.2780499","2.3354604","UsbSpec","Interrupt In Transfer","2 ","00,53,00,00,03,BA,00,00",
"4942","None","2017-08-01T09:25:47.1708026","0.0005773","UsbSpec","Control Out Transfer","2 ","53,00,62,00,00,00,00,00",
"4937","None","2017-08-01T09:25:45.1417730","2.3436939","UsbSpec","Interrupt In Transfer","2 ","00,04,00,0C,3E,A7,00,00",
"4934","Validation","2017-08-01T09:25:44.9339599","0.0009100","UsbSpec","Control Out Transfer","2 ","04,10,2C,00,00,00,00,00",
"4933","Validation","2017-08-01T09:25:44.9338731","2.3441319","UsbSpec","Interrupt In Transfer","2 ","00,53,00,00,05,99,00,00",
"4930","None","2017-08-01T09:25:44.8314527","0.0006529","UsbSpec","Control Out Transfer","2 ","53,00,62,00,00,00,00,00",
"4929","None","2017-08-01T09:25:42.8381283","2.3036039","UsbSpec","Interrupt In Transfer","2 ","00,04,00,0C,3F,2A,00,00",
"4926","None","2017-08-01T09:25:42.6296375","0.0004966","UsbSpec","Control Out Transfer","2 ","04,00,82,00,00,00,00,00",
"4925","None","2017-08-01T09:25:42.6295764","2.3042789","UsbSpec","Interrupt In Transfer","2 ","00,53,00,00,08,16,00,00",
"4922","None","2017-08-01T09:25:42.5208564","0.0005925","UsbSpec","Control Out Transfer","2 ","53,00,62,00,00,00,00,00",
"4921","None","2017-08-01T09:25:40.4458205","2.3922652","UsbSpec","Interrupt In Transfer","2 ","00,04,00,0C,40,9F,00,00",
"4918","None","2017-08-01T09:25:40.2379274","0.0008209","UsbSpec","Control Out Transfer","2 ","04,01,1E,00,00,00,00,00",
"4917","None","2017-08-01T09:25:40.2378504","2.3916897","UsbSpec","Interrupt In Transfer","2 ","00,53,00,00,00,41,00,00",
"4914","None","2017-08-01T09:25:40.1327824","0.0006664","UsbSpec","Control Out Transfer","2 ","53,00,62,00,00,00,00,00",
"4913","None","2017-08-01T09:25:38.1256861","2.3201008","UsbSpec","Interrupt In Transfer","2 ","00,04,00,0C,46,A2,00,00",
"4910","None","2017-08-01T09:25:37.9178973","0.0008574","UsbSpec","Control Out Transfer","2 ","04,02,44,00,00,00,00,00",
"4909","None","2017-08-01T09:25:37.9178127","2.3199999","UsbSpec","Interrupt In Transfer","2 ","00,53,00,00,00,8F,00,00",
"4906","None","2017-08-01T09:25:37.8102953","0.0004917","UsbSpec","Control Out Transfer","2 ","53,00,62,00,00,00,00,00",
"4905","None","2017-08-01T09:25:35.7736284","2.3520260","UsbSpec","Interrupt In Transfer","2 ","00,04,00,0C,44,56,00,00",
"4902","None","2017-08-01T09:25:35.5657097","0.0007593","UsbSpec","Control Out Transfer","2 ","04,04,52,00,00,00,00,00",
"4901","None","2017-08-01T09:25:35.5656338","2.3521426","UsbSpec","Interrupt In Transfer","2 ","00,53,00,00,01,22,00,00",
"4898","None","2017-08-01T09:25:35.4568636","0.0005687","UsbSpec","Control Out Transfer","2 ","53,00,62,00,00,00,00,00",
"4897","None","2017-08-01T09:25:33.4138658","2.3597256","UsbSpec","Interrupt In Transfer","2 ","00,04,00,0C,3C,6E,00,00",
"4894","None","2017-08-01T09:25:33.2058315","0.0006842","UsbSpec","Control Out Transfer","2 ","04,06,DA,00,00,00,00,00",
"4893","None","2017-08-01T09:25:33.2057594","2.3598374","UsbSpec","Interrupt In Transfer","2 ","00,53,00,00,02,29,00,00",
"4890","None","2017-08-01T09:25:33.0976070","0.0008975","UsbSpec","Control Out Transfer","2 ","53,00,62,00,00,00,00,00",
"4889","Validation","2017-08-01T09:25:31.0777915","2.3360434","UsbSpec","Interrupt In Transfer","2 ","00,04,00,0C,42,FE,00,00",
"4886","None","2017-08-01T09:25:30.8698535","0.0006668","UsbSpec","Control Out Transfer","2 ","04,0A,52,00,00,00,00,00",
"4885","None","2017-08-01T09:25:30.8697904","2.3359308","UsbSpec","Interrupt In Transfer","2 ","00,53,00,00,03,6D,00,00",
"4882","None","2017-08-01T09:25:30.7615330","0.0005449","UsbSpec","Control Out Transfer","2 ","53,00,62,00,00,00,00,00",
"4881","None","2017-08-01T09:25:28.7578977","2.3198621","UsbSpec","Interrupt In Transfer","2 ","00,04,00,0C,40,F3,00,00",
"4878","None","2017-08-01T09:25:28.5499234","0.0007993","UsbSpec","Control Out Transfer","2 ","04,0E,EE,00,00,00,00,00",
"4877","None","2017-08-01T09:25:28.5498675","2.3198859","UsbSpec","Interrupt In Transfer","2 ","00,53,00,00,05,29,00,00",
"4874","Validation","2017-08-01T09:25:28.4455615","0.0006853","UsbSpec","Control Out Transfer","2 ","53,00,62,00,00,00,00,00",
"4873","None","2017-08-01T09:25:26.4058989","2.3519625","UsbSpec","Interrupt In Transfer","2 ","00,04,00,0C,3F,B6,00,00",
"4870","None","2017-08-01T09:25:26.1975073","0.0005128","UsbSpec","Control Out Transfer","2 ","04,0D,AE,00,00,00,00,00",
"4869","None","2017-08-01T09:25:26.1974590","2.3523621","UsbSpec","Interrupt In Transfer","2 ","00,53,00,00,07,77,00,00",
"4866","None","2017-08-01T09:25:26.0961404","0.0008756","UsbSpec","Control Out Transfer","2 ","53,00,62,00,00,00,00,00",
"4865","None","2017-08-01T09:25:24.0454853","2.3603822","UsbSpec","Interrupt In Transfer","2 ","00,04,00,0C,43,9C,00,00",
"4862","None","2017-08-01T09:25:23.8378765","0.0007801","UsbSpec","Control Out Transfer","2 ","04,16,38,00,00,00,00,00",
"4861","None","2017-08-01T09:25:23.8378508","2.3595882","UsbSpec","Interrupt In Transfer","2 ","00,53,00,00,06,D7,00,00",
"4858","None","2017-08-01T09:25:23.7357767","0.0006906","UsbSpec","Control Out Transfer","2 ","53,00,62,00,00,00,00,00",
"4857","None","2017-08-01T09:25:21.7257882","2.3196688","UsbSpec","Interrupt In Transfer","2 ","00,04,00,0C,40,E9,00,00",
"4854","None","2017-08-01T09:25:21.5180102","0.0007197","UsbSpec","Control Out Transfer","2 ","04,14,6E,00,00,00,00,00",
"4853","None","2017-08-01T09:25:21.5179468","2.3198836","UsbSpec","Interrupt In Transfer","2 ","00,53,00,00,0B,1C,00,00",
"4850","None","2017-08-01T09:25:21.4105299","0.0004739","UsbSpec","Control Out Transfer","2 ","53,00,62,00,00,00,00,00",
"4849","Validation","2017-08-01T09:25:19.3899517","2.3357980","UsbSpec","Interrupt In Transfer","2 ","00,04,00,0C,40,4A,00,00",
"4846","None","2017-08-01T09:25:19.1818411","0.0005993","UsbSpec","Control Out Transfer","2 ","04,00,50,00,00,00,00,00",
"4845","None","2017-08-01T09:25:19.1817668","2.3361426","UsbSpec","Interrupt In Transfer","2 ","00,53,00,00,0A,37,00,00",
"4842","None","2017-08-01T09:25:19.0780660","0.0008616","UsbSpec","Control Out Transfer","2 ","53,00,62,00,00,00,00,00",
"4836","None","2017-08-01T09:25:13.9739865","5.4159346","UsbSpec","Interrupt In Transfer","2 ","00,04,00,0C,41,18,00,00",
"4833","None","2017-08-01T09:25:13.9657077","0.0006812","UsbSpec","Control Out Transfer","2 ","08,00,14,00,00,00,00,00",
"4832","None","2017-08-01T09:25:13.9656405","5.2160821","UsbSpec","Interrupt In Transfer","2 ","00,53,00,00,00,28,00,00",
"4829","None","2017-08-01T09:25:13.9579499","0.0005671","UsbSpec","Control Out Transfer","2 ","08,00,10,00,00,00,00,00",
"4828","None","2017-08-01T09:25:13.9579114","0.0159974","UsbSpec","Interrupt In Transfer","2 ","00,08,00,14,00,00,00,00",
"4825","None","2017-08-01T09:25:13.9500358","0.0006906","UsbSpec","Control Out Transfer","2 ","08,00,0C,00,00,00,00,00",
"4824","None","2017-08-01T09:25:13.9499577","0.0156518","UsbSpec","Interrupt In Transfer","2 ","00,08,00,10,98,EF,14,03",
"4821","None","2017-08-01T09:25:13.9417351","0.0006366","UsbSpec","Control Out Transfer","2 ","08,00,08,00,00,00,00,00",
"4820","None","2017-08-01T09:25:13.9416543","0.0161827","UsbSpec","Interrupt In Transfer","2 ","00,08,00,0C,00,00,00,00",
"4817","None","2017-08-01T09:25:13.9341687","0.0009198","UsbSpec","Control Out Transfer","2 ","08,00,04,00,00,00,00,00",
"4816","Validation","2017-08-01T09:25:13.9335015","0.0164248","UsbSpec","Interrupt In Transfer","2 ","00,08,00,08,33,39,00,00",
"4813","None","2017-08-01T09:25:13.9257853","0.0006593","UsbSpec","Control Out Transfer","2 ","08,03,D4,00,C3,00,00,00",
"4812","Validation","2017-08-01T09:25:13.9256992","0.0159241","UsbSpec","Interrupt In Transfer","2 ","00,08,00,04,36,33,38,30",
"4809","None","2017-08-01T09:25:13.9175944","0.0006631","UsbSpec","Control Out Transfer","2 ","08,03,D0,00,C3,00,00,00",
"4808","Validation","2017-08-01T09:25:13.9175382","0.0159241","UsbSpec","Interrupt In Transfer","2 ","00,08,03,D4,30,30,30,30",
"4805","None","2017-08-01T09:25:13.9098786","0.0006120","UsbSpec","Control Out Transfer","2 ","08,03,CC,00,C3,00,00,00",
"4804","None","2017-08-01T09:25:13.9097921","0.0158641","UsbSpec","Interrupt In Transfer","2 ","00,08,03,D0,30,30,30,30",
"4801","None","2017-08-01T09:25:13.9016741","0.0006408","UsbSpec","Control Out Transfer","2 ","08,03,C8,00,C3,00,00,00",
"4800","None","2017-08-01T09:25:13.9015631","0.0159362","UsbSpec","Interrupt In Transfer","2 ","00,08,03,CC,30,30,30,30",
"4797","None","2017-08-01T09:25:13.8936996","0.0005849","UsbSpec","Control Out Transfer","2 ","08,03,C4,00,C3,00,00,00",
"4796","None","2017-08-01T09:25:13.8936161","0.0161416","UsbSpec","Interrupt In Transfer","2 ","00,08,03,C8,30,30,30,30",
"4793","None","2017-08-01T09:25:13.8856341","0.0006570","UsbSpec","Control Out Transfer","2 ","08,03,C0,00,C3,00,00,00",
"4792","None","2017-08-01T09:25:13.8855491","0.0159830","UsbSpec","Interrupt In Transfer","2 ","00,08,03,C4,30,30,30,30",
"4789","None","2017-08-01T09:25:13.8775765","0.0005837","UsbSpec","Control Out Transfer","2 ","08,03,BC,00,C3,00,00,00",
"4788","None","2017-08-01T09:25:13.8775021","0.0160687","UsbSpec","Interrupt In Transfer","2 ","00,08,03,C0,30,30,30,30",
"4785","None","2017-08-01T09:25:13.8701359","0.0007231","UsbSpec","Control Out Transfer","2 ","08,03,B8,00,C3,00,00,00",
"4784","None","2017-08-01T09:25:13.8700725","0.0154445","UsbSpec","Interrupt In Transfer","2 ","00,08,03,BC,30,30,30,30",
"4781","None","2017-08-01T09:25:13.8615765","0.0004958","UsbSpec","Control Out Transfer","2 ","08,03,B4,00,C3,00,00,00",
"4780","None","2017-08-01T09:25:13.8615014","0.0159399","UsbSpec","Interrupt In Transfer","2 ","00,08,03,B8,30,30,30,30",
"4777","None","2017-08-01T09:25:13.8536069","0.0005214","UsbSpec","Control Out Transfer","2 ","08,03,B0,00,C3,00,00,00",
"4776","None","2017-08-01T09:25:13.8535348","0.0164995","UsbSpec","Interrupt In Transfer","2 ","00,08,03,B4,30,30,30,30",
"4773","None","2017-08-01T09:25:13.8456056","0.0006789","UsbSpec","Control Out Transfer","2 ","08,03,AC,00,C3,00,00,00",
"4772","None","2017-08-01T09:25:13.8455206","0.0159438","UsbSpec","Interrupt In Transfer","2 ","00,08,03,B0,30,30,30,30",
"4769","None","2017-08-01T09:25:13.8380260","0.0006283","UsbSpec","Control Out Transfer","2 ","08,03,A8,00,C3,00,00,00",
"4768","None","2017-08-01T09:25:13.8379071","0.0155945","UsbSpec","Interrupt In Transfer","2 ","00,08,03,AC,30,30,30,30",
"4765","None","2017-08-01T09:25:13.8298801","0.0006215","UsbSpec","Control Out Transfer","2 ","08,03,A4,00,C3,00,00,00",
"4764","None","2017-08-01T09:25:13.8298121","0.0156700","UsbSpec","Interrupt In Transfer","2 ","00,08,03,A8,30,30,30,30",
"4761","None","2017-08-01T09:25:13.8218803","0.0007672","UsbSpec","Control Out Transfer","2 ","08,03,A0,00,C3,00,00,00",
"4760","None","2017-08-01T09:25:13.8218116","0.0160619","UsbSpec","Interrupt In Transfer","2 ","00,08,03,A4,30,30,30,30",
"4757","None","2017-08-01T09:25:13.8137385","0.0007000","UsbSpec","Control Out Transfer","2 ","08,03,9C,00,C3,00,00,00",
"4756","None","2017-08-01T09:25:13.8136705","0.0161110","UsbSpec","Interrupt In Transfer","2 ","00,08,03,A0,30,30,30,30",
"4753","None","2017-08-01T09:25:13.8056194","0.0005305","UsbSpec","Control Out Transfer","2 ","08,03,98,00,C3,00,00,00",
"4752","None","2017-08-01T09:25:13.8055650","0.0162160","UsbSpec","Interrupt In Transfer","2 ","00,08,03,9C,30,30,30,30",
"4749","None","2017-08-01T09:25:13.7975690","0.0006943","UsbSpec","Control Out Transfer","2 ","08,03,94,00,C3,00,00,00",
"4748","None","2017-08-01T09:25:13.7974919","0.0161484","UsbSpec","Interrupt In Transfer","2 ","00,08,03,98,30,30,30,30",
"4745","None","2017-08-01T09:25:13.7895979","0.0006792","UsbSpec","Control Out Transfer","2 ","08,03,90,00,C3,00,00,00",
"4744","None","2017-08-01T09:25:13.7895488","0.0159883","UsbSpec","Interrupt In Transfer","2 ","00,08,03,94,30,30,30,30",
"4741","None","2017-08-01T09:25:13.7820258","0.0005049","UsbSpec","Control Out Transfer","2 ","08,03,8C,00,C3,00,00,00",
"4740","None","2017-08-01T09:25:13.7819571","0.0154997","UsbSpec","Interrupt In Transfer","2 ","00,08,03,90,30,30,30,30",
"4737","None","2017-08-01T09:25:13.7735616","0.0004614","UsbSpec","Control Out Transfer","2 ","08,03,88,00,C3,00,00,00",
"4736","None","2017-08-01T09:25:13.7734823","0.0160359","UsbSpec","Interrupt In Transfer","2 ","00,08,03,8C,30,30,30,30",
"4733","None","2017-08-01T09:25:13.7656290","0.0005135","UsbSpec","Control Out Transfer","2 ","08,03,84,00,C3,00,00,00",
"4732","None","2017-08-01T09:25:13.7655414","0.0163844","UsbSpec","Interrupt In Transfer","2 ","00,08,03,88,30,30,30,30",
"4729","None","2017-08-01T09:25:13.7575982","0.0006359","UsbSpec","Control Out Transfer","2 ","08,03,80,00,C3,00,00,00",
"4728","None","2017-08-01T09:25:13.7574921","0.0159589","UsbSpec","Interrupt In Transfer","2 ","00,08,03,84,30,30,30,30",
"4725","None","2017-08-01T09:25:13.7496094","0.0007023","UsbSpec","Control Out Transfer","2 ","08,03,7C,00,C3,00,00,00",
"4724","None","2017-08-01T09:25:13.7495259","0.0159793","UsbSpec","Interrupt In Transfer","2 ","00,08,03,80,30,30,30,30",
"4721","None","2017-08-01T09:25:13.7416137","0.0004788","UsbSpec","Control Out Transfer","2 ","08,03,78,00,C3,00,00,00",
"4720","None","2017-08-01T09:25:13.7415609","0.0158965","UsbSpec","Interrupt In Transfer","2 ","00,08,03,7C,30,30,30,30",
"4717","None","2017-08-01T09:25:13.7340304","0.0005826","UsbSpec","Control Out Transfer","2 ","08,03,74,00,C3,00,00,00",
"4716","None","2017-08-01T09:25:13.7339541","0.0155367","UsbSpec","Interrupt In Transfer","2 ","00,08,03,78,30,30,30,30",
"4713","None","2017-08-01T09:25:13.7259052","0.0007805","UsbSpec","Control Out Transfer","2 ","08,03,70,00,C3,00,00,00",
"4712","None","2017-08-01T09:25:13.7258414","0.0156519","UsbSpec","Interrupt In Transfer","2 ","00,08,03,74,30,30,30,30",
"4709","None","2017-08-01T09:25:13.7179334","0.0006090","UsbSpec","Control Out Transfer","2 ","08,03,6C,00,C3,00,00,00",
"4708","None","2017-08-01T09:25:13.7178401","0.0160853","UsbSpec","Interrupt In Transfer","2 ","00,08,03,70,30,30,30,30",
"4705","None","2017-08-01T09:25:13.7101242","0.0008111","UsbSpec","Control Out Transfer","2 ","08,03,68,00,C3,00,00,00",
"4704","None","2017-08-01T09:25:13.7100336","0.0157836","UsbSpec","Interrupt In Transfer","2 ","00,08,03,6C,30,30,30,30",
"4701","None","2017-08-01T09:25:13.7018016","0.0008699","UsbSpec","Control Out Transfer","2 ","08,03,64,00,C3,00,00,00",
"4700","None","2017-08-01T09:25:13.7017136","0.0161008","UsbSpec","Interrupt In Transfer","2 ","00,08,03,68,30,30,30,30",
"4697","None","2017-08-01T09:25:13.6935779","0.0007355","UsbSpec","Control Out Transfer","2 ","08,03,60,00,C3,00,00,00",
"4696","None","2017-08-01T09:25:13.6935326","0.0164836","UsbSpec","Interrupt In Transfer","2 ","00,08,03,64,30,30,30,30",
"4693","None","2017-08-01T09:25:13.6859326","0.0007185","UsbSpec","Control Out Transfer","2 ","08,03,5C,00,C3,00,00,00",
"4692","None","2017-08-01T09:25:13.6858454","0.0158516","UsbSpec","Interrupt In Transfer","2 ","00,08,03,60,30,30,30,30",
"4689","None","2017-08-01T09:25:13.6778701","0.0007431","UsbSpec","Control Out Transfer","2 ","08,03,58,00,C3,00,00,00",
"4688","None","2017-08-01T09:25:13.6777836","0.0157259","UsbSpec","Interrupt In Transfer","2 ","00,08,03,5C,30,30,30,30",
"4685","None","2017-08-01T09:25:13.6702271","0.0006087","UsbSpec","Control Out Transfer","2 ","08,03,54,00,C3,00,00,00",
"4684","None","2017-08-01T09:25:13.6701452","0.0156802","UsbSpec","Interrupt In Transfer","2 ","00,08,03,58,30,30,30,30",
"4681","None","2017-08-01T09:25:13.6616889","0.0004217","UsbSpec","Control Out Transfer","2 ","08,03,50,00,C3,00,00,00",
"4680","None","2017-08-01T09:25:13.6616220","0.0161465","UsbSpec","Interrupt In Transfer","2 ","00,08,03,54,30,30,30,30",
"4677","None","2017-08-01T09:25:13.6538261","0.0008949","UsbSpec","Control Out Transfer","2 ","08,03,4C,00,C3,00,00,00",
"4676","None","2017-08-01T09:25:13.6537533","0.0163738","UsbSpec","Interrupt In Transfer","2 ","00,08,03,50,30,30,30,30",
"4673","None","2017-08-01T09:25:13.6454842","0.0004471","UsbSpec","Control Out Transfer","2 ","08,03,48,00,C3,00,00,00",
"4672","None","2017-08-01T09:25:13.6454382","0.0161593","UsbSpec","Interrupt In Transfer","2 ","00,08,03,4C,30,30,30,30",
"4669","None","2017-08-01T09:25:13.6374924","0.0004281","UsbSpec","Control Out Transfer","2 ","08,03,44,00,C3,00,00,00",
"4668","None","2017-08-01T09:25:13.6374459","0.0162881","UsbSpec","Interrupt In Transfer","2 ","00,08,03,48,30,30,30,30",
"4665","None","2017-08-01T09:25:13.6294846","0.0004516","UsbSpec","Control Out Transfer","2 ","08,03,40,00,C3,00,00,00",
"4664","None","2017-08-01T09:25:13.6294351","0.0159951","UsbSpec","Interrupt In Transfer","2 ","00,08,03,44,30,30,30,30",
"4661","None","2017-08-01T09:25:13.6215388","0.0004920","UsbSpec","Control Out Transfer","2 ","08,03,3C,00,C3,00,00,00",
"4660","None","2017-08-01T09:25:13.6214757","0.0159551","UsbSpec","Interrupt In Transfer","2 ","00,08,03,40,30,30,30,30",
"4657","None","2017-08-01T09:25:13.6135594","0.0004304","UsbSpec","Control Out Transfer","2 ","08,03,38,00,C3,00,00,00",
"4656","None","2017-08-01T09:25:13.6134805","0.0159486","UsbSpec","Interrupt In Transfer","2 ","00,08,03,3C,30,30,30,30",
"4653","None","2017-08-01T09:25:13.6055649","0.0005097","UsbSpec","Control Out Transfer","2 ","08,03,34,00,C3,00,00,00",
"4652","None","2017-08-01T09:25:13.6055256","0.0159437","UsbSpec","Interrupt In Transfer","2 ","00,08,03,38,30,30,30,30",
"4649","None","2017-08-01T09:25:13.5979136","0.0007819","UsbSpec","Control Out Transfer","2 ","08,03,30,00,C3,00,00,00",
"4648","None","2017-08-01T09:25:13.5978460","0.0156243","UsbSpec","Interrupt In Transfer","2 ","00,08,03,34,30,30,30,30",
"4645","None","2017-08-01T09:25:13.5900621","0.0004569","UsbSpec","Control Out Transfer","2 ","08,03,2C,00,C3,00,00,00",
"4644","None","2017-08-01T09:25:13.5899945","0.0155001","UsbSpec","Interrupt In Transfer","2 ","00,08,03,30,30,30,30,30",
"4641","None","2017-08-01T09:25:13.5822606","0.0006324","UsbSpec","Control Out Transfer","2 ","08,03,28,00,C3,00,00,00",
"4640","Validation","2017-08-01T09:25:13.5822009","0.0156130","UsbSpec","Interrupt In Transfer","2 ","00,08,03,2C,30,30,30,30",
"4637","None","2017-08-01T09:25:13.5735615","0.0005006","UsbSpec","Control Out Transfer","2 ","08,03,24,00,C3,00,00,00",
"4636","None","2017-08-01T09:25:13.5734946","0.0164316","UsbSpec","Interrupt In Transfer","2 ","00,08,03,28,30,30,30,30",
"4633","None","2017-08-01T09:25:13.5658188","0.0005898","UsbSpec","Control Out Transfer","2 ","08,03,20,00,C3,00,00,00",
"4632","None","2017-08-01T09:25:13.5657508","0.0164104","UsbSpec","Interrupt In Transfer","2 ","00,08,03,24,30,30,30,30",
"4629","None","2017-08-01T09:25:13.5575762","0.0005543","UsbSpec","Control Out Transfer","2 ","08,03,1C,00,C3,00,00,00",
"4628","None","2017-08-01T09:25:13.5575086","0.0159449","UsbSpec","Interrupt In Transfer","2 ","00,08,03,20,30,30,30,30",
"4625","None","2017-08-01T09:25:13.5499377","0.0007035","UsbSpec","Control Out Transfer","2 ","08,03,18,00,C3,00,00,00",
"4624","None","2017-08-01T09:25:13.5498694","0.0158501","UsbSpec","Interrupt In Transfer","2 ","00,08,03,1C,30,30,30,30",
"4621","None","2017-08-01T09:25:13.5419553","0.0006808","UsbSpec","Control Out Transfer","2 ","08,03,14,00,C3,00,00,00",
"4620","None","2017-08-01T09:25:13.5418681","0.0156122","UsbSpec","Interrupt In Transfer","2 ","00,08,03,18,30,30,30,30",
"4617","None","2017-08-01T09:25:13.5337010","0.0005505","UsbSpec","Control Out Transfer","2 ","08,03,10,00,C3,00,00,00",
"4616","None","2017-08-01T09:25:13.5336164","0.0162213","UsbSpec","Interrupt In Transfer","2 ","00,08,03,14,30,30,30,30",
"4613","None","2017-08-01T09:25:13.5260595","0.0005475","UsbSpec","Control Out Transfer","2 ","08,03,0C,00,C3,00,00,00",
"4612","None","2017-08-01T09:25:13.5259685","0.0158656","UsbSpec","Interrupt In Transfer","2 ","00,08,03,10,30,30,30,30",
"4609","None","2017-08-01T09:25:13.5176681","0.0005430","UsbSpec","Control Out Transfer","2 ","08,03,08,00,C3,00,00,00",
"4608","None","2017-08-01T09:25:13.5175779","0.0160045","UsbSpec","Interrupt In Transfer","2 ","00,08,03,0C,30,30,30,30",
"4605","None","2017-08-01T09:25:13.5097053","0.0005909","UsbSpec","Control Out Transfer","2 ","08,03,04,00,C3,00,00,00",
"4604","None","2017-08-01T09:25:13.5096340","0.0162956","UsbSpec","Interrupt In Transfer","2 ","00,08,03,08,30,30,30,30",
"4601","None","2017-08-01T09:25:13.5016047","0.0005494","UsbSpec","Control Out Transfer","2 ","08,03,00,00,C3,00,00,00",
"4600","None","2017-08-01T09:25:13.5015390","0.0160042","UsbSpec","Interrupt In Transfer","2 ","00,08,03,04,30,30,30,30",
"4597","None","2017-08-01T09:25:13.4935955","0.0004889","UsbSpec","Control Out Transfer","2 ","08,02,FC,00,C3,00,00,00",
"4596","None","2017-08-01T09:25:13.4935260","0.0160763","UsbSpec","Interrupt In Transfer","2 ","00,08,03,00,30,30,30,30",
"4593","None","2017-08-01T09:25:13.4855794","0.0004890","UsbSpec","Control Out Transfer","2 ","08,02,F8,00,C3,00,00,00",
"4592","None","2017-08-01T09:25:13.4855035","0.0159838","UsbSpec","Interrupt In Transfer","2 ","00,08,02,FC,30,30,30,30",
"4589","None","2017-08-01T09:25:13.4778348","0.0005944","UsbSpec","Control Out Transfer","2 ","08,02,F4,00,C3,00,00,00",
"4588","None","2017-08-01T09:25:13.4777639","0.0157315","UsbSpec","Interrupt In Transfer","2 ","00,08,02,F8,30,30,30,30",
"4585","None","2017-08-01T09:25:13.4695881","0.0007423","UsbSpec","Control Out Transfer","2 ","08,02,F0,00,C3,00,00,00",
"4584","None","2017-08-01T09:25:13.4695232","0.0159358","UsbSpec","Interrupt In Transfer","2 ","00,08,02,F4,30,30,30,30",
"4581","None","2017-08-01T09:25:13.4617170","0.0006627","UsbSpec","Control Out Transfer","2 ","08,02,EC,00,C3,00,00,00",
"4580","None","2017-08-01T09:25:13.4616483","0.0160797","UsbSpec","Interrupt In Transfer","2 ","00,08,02,F0,30,30,30,30",
"4577","None","2017-08-01T09:25:13.4537044","0.0006804","UsbSpec","Control Out Transfer","2 ","08,02,E8,00,C3,00,00,00",
"4576","None","2017-08-01T09:25:13.4536376","0.0158557","UsbSpec","Interrupt In Transfer","2 ","00,08,02,EC,30,30,30,30",
"4573","None","2017-08-01T09:25:13.4460210","0.0005433","UsbSpec","Control Out Transfer","2 ","08,02,E4,00,C3,00,00,00",
"4572","None","2017-08-01T09:25:13.4459364","0.0156795","UsbSpec","Interrupt In Transfer","2 ","00,08,02,E8,30,30,30,30",
"4569","None","2017-08-01T09:25:13.4382032","0.0008103","UsbSpec","Control Out Transfer","2 ","08,02,E0,00,C3,00,00,00",
"4568","None","2017-08-01T09:25:13.4381224","0.0154831","UsbSpec","Interrupt In Transfer","2 ","00,08,02,E4,30,30,30,30",
"4565","None","2017-08-01T09:25:13.4298726","0.0006283","UsbSpec","Control Out Transfer","2 ","08,02,DC,00,C3,00,00,00",
"4564","None","2017-08-01T09:25:13.4297854","0.0161163","UsbSpec","Interrupt In Transfer","2 ","00,08,02,E0,30,30,30,30",
"4561","None","2017-08-01T09:25:13.4217354","0.0006113","UsbSpec","Control Out Transfer","2 ","08,02,D8,00,C3,00,00,00",
"4560","None","2017-08-01T09:25:13.4216512","0.0164270","UsbSpec","Interrupt In Transfer","2 ","00,08,02,DC,30,30,30,30",
"4557","None","2017-08-01T09:25:13.4137393","0.0006438","UsbSpec","Control Out Transfer","2 ","08,02,D4,00,C3,00,00,00",
"4556","None","2017-08-01T09:25:13.4136370","0.0161137","UsbSpec","Interrupt In Transfer","2 ","00,08,02,D8,30,30,30,30",
"4553","None","2017-08-01T09:25:13.4057037","0.0006690","UsbSpec","Control Out Transfer","2 ","08,02,D0,00,C3,00,00,00",
"4552","None","2017-08-01T09:25:13.4056191","0.0159977","UsbSpec","Interrupt In Transfer","2 ","00,08,02,D4,30,30,30,30",
"4549","None","2017-08-01T09:25:13.3979417","0.0007170","UsbSpec","Control Out Transfer","2 ","08,02,CC,00,C3,00,00,00",
"4548","None","2017-08-01T09:25:13.3978745","0.0157289","UsbSpec","Interrupt In Transfer","2 ","00,08,02,D0,30,30,30,30",
"4545","None","2017-08-01T09:25:13.3895896","0.0005279","UsbSpec","Control Out Transfer","2 ","08,02,C8,00,C3,00,00,00",
"4544","None","2017-08-01T09:25:13.3895243","0.0160608","UsbSpec","Interrupt In Transfer","2 ","00,08,02,CC,30,30,30,30",
"4541","None","2017-08-01T09:25:13.3820894","0.0006384","UsbSpec","Control Out Transfer","2 ","08,02,C4,00,C3,00,00,00",
"4540","None","2017-08-01T09:25:13.3820180","0.0158146","UsbSpec","Interrupt In Transfer","2 ","00,08,02,C8,30,30,30,30",
"4537","None","2017-08-01T09:25:13.3736991","0.0005702","UsbSpec","Control Out Transfer","2 ","08,02,C0,00,C3,00,00,00",
"4536","None","2017-08-01T09:25:13.3736304","0.0158611","UsbSpec","Interrupt In Transfer","2 ","00,08,02,C4,30,30,30,30",
"4533","None","2017-08-01T09:25:13.3658137","0.0005932","UsbSpec","Control Out Transfer","2 ","08,02,BC,00,C3,00,00,00",
"4532","None","2017-08-01T09:25:13.3657484","0.0162341","UsbSpec","Interrupt In Transfer","2 ","00,08,02,C0,30,30,30,30",
"4529","None","2017-08-01T09:25:13.3575711","0.0005928","UsbSpec","Control Out Transfer","2 ","08,02,B8,00,C3,00,00,00",
"4528","None","2017-08-01T09:25:13.3575062","0.0160932","UsbSpec","Interrupt In Transfer","2 ","00,08,02,BC,30,30,30,30",
"4525","None","2017-08-01T09:25:13.3500652","0.0005282","UsbSpec","Control Out Transfer","2 ","08,02,B4,00,C3,00,00,00",
"4524","None","2017-08-01T09:25:13.3499580","0.0157187","UsbSpec","Interrupt In Transfer","2 ","00,08,02,B8,30,30,30,30",
"4521","None","2017-08-01T09:25:13.3415621","0.0004833","UsbSpec","Control Out Transfer","2 ","08,02,B0,00,C3,00,00,00",
"4520","None","2017-08-01T09:25:13.3415069","0.0159698","UsbSpec","Interrupt In Transfer","2 ","00,08,02,B4,30,30,30,30",
"4517","None","2017-08-01T09:25:13.3337949","0.0006109","UsbSpec","Control Out Transfer","2 ","08,02,AC,00,C3,00,00,00",
"4516","None","2017-08-01T09:25:13.3337069","0.0162258","UsbSpec","Interrupt In Transfer","2 ","00,08,02,B0,30,30,30,30",
"4513","None","2017-08-01T09:25:13.3258698","0.0005777","UsbSpec","Control Out Transfer","2 ","08,02,A8,00,C3,00,00,00",
"4512","None","2017-08-01T09:25:13.3258230","0.0156141","UsbSpec","Interrupt In Transfer","2 ","00,08,02,AC,30,30,30,30",
"4509","None","2017-08-01T09:25:13.3175615","0.0005090","UsbSpec","Control Out Transfer","2 ","08,02,A4,00,C3,00,00,00",
"4508","None","2017-08-01T09:25:13.3174932","0.0161937","UsbSpec","Interrupt In Transfer","2 ","00,08,02,A8,30,30,30,30",
"4505","None","2017-08-01T09:25:13.3098592","0.0007998","UsbSpec","Control Out Transfer","2 ","08,02,A0,00,C3,00,00,00",
"4504","None","2017-08-01T09:25:13.3097728","0.0160211","UsbSpec","Interrupt In Transfer","2 ","00,08,02,A4,30,30,30,30",
"4501","None","2017-08-01T09:25:13.3016072","0.0008541","UsbSpec","Control Out Transfer","2 ","08,02,9C,00,C3,00,00,00",
"4500","None","2017-08-01T09:25:13.3015056","0.0159710","UsbSpec","Interrupt In Transfer","2 ","00,08,02,A0,30,30,30,30",
"4497","None","2017-08-01T09:25:13.2935209","0.0007488","UsbSpec","Control Out Transfer","2 ","08,02,98,00,C3,00,00,00",
"4496","None","2017-08-01T09:25:13.2934700","0.0162880","UsbSpec","Interrupt In Transfer","2 ","00,08,02,9C,30,30,30,30",
"4493","None","2017-08-01T09:25:13.2859323","0.0007959","UsbSpec","Control Out Transfer","2 ","08,02,94,00,C3,00,00,00",
"4492","None","2017-08-01T09:25:13.2858764","0.0156013","UsbSpec","Interrupt In Transfer","2 ","00,08,02,98,30,30,30,30",
"4489","None","2017-08-01T09:25:13.2778385","0.0007491","UsbSpec","Control Out Transfer","2 ","08,02,90,00,C3,00,00,00",
"4488","None","2017-08-01T09:25:13.2777494","0.0156915","UsbSpec","Interrupt In Transfer","2 ","00,08,02,94,30,30,30,30",
"4485","None","2017-08-01T09:25:13.2695290","0.0005849","UsbSpec","Control Out Transfer","2 ","08,02,8C,00,C3,00,00,00",
"4484","None","2017-08-01T09:25:13.2695139","0.0163455","UsbSpec","Interrupt In Transfer","2 ","00,08,02,90,30,30,30,30",
"4481","None","2017-08-01T09:25:13.2618472","0.0007045","UsbSpec","Control Out Transfer","2 ","08,02,88,00,C3,00,00,00",
"4480","None","2017-08-01T09:25:13.2617599","0.0159740","UsbSpec","Interrupt In Transfer","2 ","00,08,02,8C,30,30,30,30",
"4477","None","2017-08-01T09:25:13.2538541","0.0005808","UsbSpec","Control Out Transfer","2 ","08,02,84,00,C3,00,00,00",
"4476","None","2017-08-01T09:25:13.2537484","0.0157319","UsbSpec","Interrupt In Transfer","2 ","00,08,02,88,30,30,30,30",
"4473","None","2017-08-01T09:25:13.2454851","0.0007196","UsbSpec","Control Out Transfer","2 ","08,02,80,00,C3,00,00,00",
"4472","None","2017-08-01T09:25:13.2454371","0.0163032","UsbSpec","Interrupt In Transfer","2 ","00,08,02,84,30,30,30,30",
"4469","None","2017-08-01T09:25:13.2374754","0.0004343","UsbSpec","Control Out Transfer","2 ","08,02,7C,00,C3,00,00,00",
"4468","None","2017-08-01T09:25:13.2374286","0.0163051","UsbSpec","Interrupt In Transfer","2 ","00,08,02,80,30,30,30,30",
"4465","None","2017-08-01T09:25:13.2294760","0.0004440","UsbSpec","Control Out Transfer","2 ","08,02,78,00,C3,00,00,00",
"4464","None","2017-08-01T09:25:13.2294299","0.0159997","UsbSpec","Interrupt In Transfer","2 ","00,08,02,7C,30,30,30,30",
"4461","None","2017-08-01T09:25:13.2215521","0.0158743","UsbSpec","Interrupt In Transfer","2 ","00,08,02,78,30,30,30,30",
"4460","None","2017-08-01T09:25:13.2215007","0.0004388","UsbSpec","Control Out Transfer","2 ","08,02,74,00,C3,00,00,00",
"4457","None","2017-08-01T09:25:13.2134756","0.0004444","UsbSpec","Control Out Transfer","2 ","08,02,70,00,C3,00,00,00",
"4456","None","2017-08-01T09:25:13.2134296","0.0159973","UsbSpec","Interrupt In Transfer","2 ","00,08,02,74,30,30,30,30",
"4453","None","2017-08-01T09:25:13.2054770","0.0004432","UsbSpec","Control Out Transfer","2 ","08,02,6C,00,C3,00,00,00",
"4452","None","2017-08-01T09:25:13.2054305","0.0159966","UsbSpec","Interrupt In Transfer","2 ","00,08,02,70,30,30,30,30",
"4449","None","2017-08-01T09:25:13.1974726","0.0004471","UsbSpec","Control Out Transfer","2 ","08,02,68,00,C3,00,00,00",
"4448","None","2017-08-01T09:25:13.1974209","0.0160060","UsbSpec","Interrupt In Transfer","2 ","00,08,02,6C,30,30,30,30",
"4445","Validation","2017-08-01T09:25:13.1894819","0.0004527","UsbSpec","Control Out Transfer","2 ","08,02,64,00,C3,00,00,00",
"4444","None","2017-08-01T09:25:13.1894313","0.0159958","UsbSpec","Interrupt In Transfer","2 ","00,08,02,68,30,30,30,30",
"4441","None","2017-08-01T09:25:13.1814802","0.0004432","UsbSpec","Control Out Transfer","2 ","08,02,60,00,C3,00,00,00",
"4440","None","2017-08-01T09:25:13.1814337","0.0159849","UsbSpec","Interrupt In Transfer","2 ","00,08,02,64,30,30,30,30",
"4437","None","2017-08-01T09:25:13.1734785","0.0004938","UsbSpec","Control Out Transfer","2 ","08,02,5C,00,C3,00,00,00",
"4436","None","2017-08-01T09:25:13.1734316","0.0159959","UsbSpec","Interrupt In Transfer","2 ","00,08,02,60,30,30,30,30",
"4433","None","2017-08-01T09:25:13.1654722","0.0004441","UsbSpec","Control Out Transfer","2 ","08,02,58,00,C3,00,00,00",
"4432","None","2017-08-01T09:25:13.1654303","0.0160000","UsbSpec","Interrupt In Transfer","2 ","00,08,02,5C,30,30,30,30",
"4429","None","2017-08-01T09:25:13.1574890","0.0004947","UsbSpec","Control Out Transfer","2 ","08,02,54,00,C3,00,00,00",
"4428","None","2017-08-01T09:25:13.1574407","0.0159868","UsbSpec","Interrupt In Transfer","2 ","00,08,02,58,DB,01,D6,26",
"4425","None","2017-08-01T09:25:13.1494839","0.0004471","UsbSpec","Control Out Transfer","2 ","08,02,50,00,C3,00,00,00",
"4424","None","2017-08-01T09:25:13.1494360","0.0159906","UsbSpec","Interrupt In Transfer","2 ","00,08,02,54,9F,41,D4,05",
"4421","None","2017-08-01T09:25:13.1415143","0.0004554","UsbSpec","Control Out Transfer","2 ","08,02,4C,00,C3,00,00,00",
"4420","None","2017-08-01T09:25:13.1414502","0.0159792","UsbSpec","Interrupt In Transfer","2 ","00,08,02,50,DF,45,16,BF",
"4417","None","2017-08-01T09:25:13.1335236","0.0004595","UsbSpec","Control Out Transfer","2 ","08,02,48,00,C3,00,00,00",
"4416","None","2017-08-01T09:25:13.1334583","0.0159717","UsbSpec","Interrupt In Transfer","2 ","00,08,02,4C,A7,26,4C,71",
"4413","None","2017-08-01T09:25:13.1255589","0.0004629","UsbSpec","Control Out Transfer","2 ","08,02,44,00,C3,00,00,00",
"4412","None","2017-08-01T09:25:13.1255076","0.0159286","UsbSpec","Interrupt In Transfer","2 ","00,08,02,48,98,0A,8C,19",
"4409","None","2017-08-01T09:25:13.1178196","0.0004909","UsbSpec","Control Out Transfer","2 ","08,02,40,00,C3,00,00,00",
"4408","None","2017-08-01T09:25:13.1177233","0.0157176","UsbSpec","Interrupt In Transfer","2 ","00,08,02,44,7B,80,6F,43",
"4405","None","2017-08-01T09:25:13.1098353","0.0006392","UsbSpec","Control Out Transfer","2 ","08,02,3C,00,C3,00,00,00",
"4404","None","2017-08-01T09:25:13.1097651","0.0156745","UsbSpec","Interrupt In Transfer","2 ","00,08,02,40,5B,A5,41,46",
"4401","None","2017-08-01T09:25:13.1016120","0.0005089","UsbSpec","Control Out Transfer","2 ","08,02,38,00,C3,00,00,00",
"4400","None","2017-08-01T09:25:13.1015293","0.0161585","UsbSpec","Interrupt In Transfer","2 ","00,08,02,3C,65,0C,A0,26",
"4397","None","2017-08-01T09:25:13.0939810","0.0005691","UsbSpec","Control Out Transfer","2 ","08,02,34,00,C3,00,00,00",
"4396","None","2017-08-01T09:25:13.0938780","0.0158553","UsbSpec","Interrupt In Transfer","2 ","00,08,02,38,8F,42,59,1A",
"4393","None","2017-08-01T09:25:13.0855659","0.0005683","UsbSpec","Control Out Transfer","2 ","08,02,30,00,C3,00,00,00",
"4392","None","2017-08-01T09:25:13.0855021","0.0159947","UsbSpec","Interrupt In Transfer","2 ","00,08,02,34,32,46,6A,0B",
"4389","None","2017-08-01T09:25:13.0777020","0.0005751","UsbSpec","Control Out Transfer","2 ","08,02,2C,00,C3,00,00,00",
"4388","None","2017-08-01T09:25:13.0776341","0.0162133","UsbSpec","Interrupt In Transfer","2 ","00,08,02,30,6D,27,BB,C0",
"4385","None","2017-08-01T09:25:13.0695923","0.0005309","UsbSpec","Control Out Transfer","2 ","08,02,28,00,C3,00,00,00",
"4384","None","2017-08-01T09:25:13.0695406","0.0159271","UsbSpec","Interrupt In Transfer","2 ","00,08,02,2C,D3,05,E0,01",
"4381","None","2017-08-01T09:25:13.0618791","0.0006075","UsbSpec","Control Out Transfer","2 ","08,02,24,00,C3,00,00,00",
"4380","None","2017-08-01T09:25:13.0618111","0.0157912","UsbSpec","Interrupt In Transfer","2 ","00,08,02,28,4A,34,64,41",
"4377","None","2017-08-01T09:25:13.0536694","0.0005516","UsbSpec","Control Out Transfer","2 ","08,02,20,00,C3,00,00,00",
"4376","None","2017-08-01T09:25:13.0535938","0.0158781","UsbSpec","Interrupt In Transfer","2 ","00,08,02,24,14,08,A1,45",
"4373","None","2017-08-01T09:25:13.0458689","0.0006861","UsbSpec","Control Out Transfer","2 ","08,02,1C,00,C3,00,00,00",
"4372","None","2017-08-01T09:25:13.0458006","0.0159796","UsbSpec","Interrupt In Transfer","2 ","00,08,02,20,89,19,41,27",
"4369","None","2017-08-01T09:25:13.0376909","0.0004890","UsbSpec","Control Out Transfer","2 ","08,02,18,00,C3,00,00,00",
"4368","None","2017-08-01T09:25:13.0376237","0.0159350","UsbSpec","Interrupt In Transfer","2 ","00,08,02,1C,2C,43,9C,0A",
"4365","None","2017-08-01T09:25:13.0295763","0.0006468","UsbSpec","Control Out Transfer","2 ","08,02,14,00,C3,00,00,00",
"4364","None","2017-08-01T09:25:13.0295121","0.0162564","UsbSpec","Interrupt In Transfer","2 ","00,08,02,18,0D,46,38,B5",
"4361","None","2017-08-01T09:25:13.0215482","0.0004897","UsbSpec","Control Out Transfer","2 ","08,02,10,00,C3,00,00,00",
"4360","None","2017-08-01T09:25:13.0214847","0.0160978","UsbSpec","Interrupt In Transfer","2 ","00,08,02,14,46,27,49,08",
"4357","None","2017-08-01T09:25:13.0140060","0.0006494","UsbSpec","Control Out Transfer","2 ","08,02,0C,00,C3,00,00,00",
"4356","None","2017-08-01T09:25:13.0139380","0.0155375","UsbSpec","Interrupt In Transfer","2 ","00,08,02,10,54,1A,63,0C",
"4353","None","2017-08-01T09:25:13.0055667","0.0006464","UsbSpec","Control Out Transfer","2 ","08,02,08,00,C3,00,00,00",
"4352","None","2017-08-01T09:25:13.0054938","0.0159588","UsbSpec","Interrupt In Transfer","2 ","00,08,02,0C,26,B9,4F,42",
"4349","None","2017-08-01T09:25:12.9975495","0.0006373","UsbSpec","Control Out Transfer","2 ","08,02,04,00,C3,00,00,00",
"4348","None","2017-08-01T09:25:12.9974785","0.0163802","UsbSpec","Interrupt In Transfer","2 ","00,08,02,08,C1,BC,02,46",
"4345","None","2017-08-01T09:25:12.9899711","0.0005433","UsbSpec","Control Out Transfer","2 ","08,02,00,00,C3,00,00,00",
"4344","None","2017-08-01T09:25:12.9898910","0.0155688","UsbSpec","Interrupt In Transfer","2 ","00,08,02,04,E7,01,A9,27",
"4341","None","2017-08-01T09:25:12.9816175","0.0007268","UsbSpec","Control Out Transfer","2 ","08,01,FC,00,C3,00,00,00",
"4340","None","2017-08-01T09:25:12.9815514","0.0158905","UsbSpec","Interrupt In Transfer","2 ","00,08,02,00,1D,41,D7,05",
"4337","None","2017-08-01T09:25:12.9735852","0.0005739","UsbSpec","Control Out Transfer","2 ","08,01,F8,00,C3,00,00,00",
"4336","None","2017-08-01T09:25:12.9735127","0.0163443","UsbSpec","Interrupt In Transfer","2 ","00,08,01,FC,5F,45,76,67",
"4333","None","2017-08-01T09:25:12.9660279","0.0006321","UsbSpec","Control Out Transfer","2 ","08,01,F4,00,C3,00,00,00",
"4332","Validation","2017-08-01T09:25:12.9659222","0.0156001","UsbSpec","Interrupt In Transfer","2 ","00,08,01,F8,8A,27,B7,9F",
"4329","None","2017-08-01T09:25:12.9580624","0.0004724","UsbSpec","Control Out Transfer","2 ","08,01,F0,00,C3,00,00,00",
"4328","None","2017-08-01T09:25:12.9579922","0.0154876","UsbSpec","Interrupt In Transfer","2 ","00,08,01,F4,9E,0A,7C,19",
"4325","None","2017-08-01T09:25:12.9495525","0.0006445","UsbSpec","Control Out Transfer","2 ","08,01,EC,00,C3,00,00,00",
"4324","None","2017-08-01T09:25:12.9494770","0.0164082","UsbSpec","Interrupt In Transfer","2 ","00,08,01,F0,D0,17,EC,42",
"4321","None","2017-08-01T09:25:12.9415946","0.0006532","UsbSpec","Control Out Transfer","2 ","08,01,E8,00,C3,00,00,00",
"4320","None","2017-08-01T09:25:12.9415504","0.0163984","UsbSpec","Interrupt In Transfer","2 ","00,08,01,EC,C8,43,C3,45",
"4317","None","2017-08-01T09:25:12.9336699","0.0006831","UsbSpec","Control Out Transfer","2 ","08,01,E4,00,C3,00,00,00",
"4316","None","2017-08-01T09:25:12.9335986","0.0158437","UsbSpec","Interrupt In Transfer","2 ","00,08,01,E8,63,0C,8A,27",
"4313","None","2017-08-01T09:25:12.9257566","0.0006026","UsbSpec","Control Out Transfer","2 ","08,01,E0,00,C3,00,00,00",
"4312","None","2017-08-01T09:25:12.9256883","0.0158331","UsbSpec","Interrupt In Transfer","2 ","00,08,01,E4,0E,42,46,1A",
"4309","None","2017-08-01T09:25:12.9179316","0.0005792","UsbSpec","Control Out Transfer","2 ","08,01,DC,00,C3,00,00,00",
"4308","None","2017-08-01T09:25:12.9178108","0.0157504","UsbSpec","Interrupt In Transfer","2 ","00,08,01,E0,B4,45,AF,5D",
"4305","None","2017-08-01T09:25:12.9100734","0.0006755","UsbSpec","Control Out Transfer","2 ","08,01,D8,00,C3,00,00,00",
"4304","None","2017-08-01T09:25:12.9099937","0.0156496","UsbSpec","Interrupt In Transfer","2 ","00,08,01,DC,EB,27,5A,B4",
"4301","None","2017-08-01T09:25:12.9015744","0.0004686","UsbSpec","Control Out Transfer","2 ","08,01,D4,00,C3,00,00,00",
"4300","None","2017-08-01T09:25:12.9015042","0.0162734","UsbSpec","Interrupt In Transfer","2 ","00,08,01,D8,DA,05,F0,01",
"4297","None","2017-08-01T09:25:12.8936433","0.0006238","UsbSpec","Control Out Transfer","2 ","08,01,D0,00,C3,00,00,00",
"4296","None","2017-08-01T09:25:12.8935437","0.0164187","UsbSpec","Interrupt In Transfer","2 ","00,08,01,D4,32,9A,D0,40",
"4293","None","2017-08-01T09:25:12.8856515","0.0004682","UsbSpec","Control Out Transfer","2 ","08,01,CC,00,C3,00,00,00",
"4292","None","2017-08-01T09:25:12.8855623","0.0159000","UsbSpec","Interrupt In Transfer","2 ","00,08,01,D0,8C,B4,15,45",
"4289","None","2017-08-01T09:25:12.8776547","0.0005135","UsbSpec","Control Out Transfer","2 ","08,01,C8,00,C3,00,00,00",
"4288","None","2017-08-01T09:25:12.8775531","0.0159509","UsbSpec","Interrupt In Transfer","2 ","00,08,01,CC,72,19,CE,27",
"4285","None","2017-08-01T09:25:12.8697085","0.0005444","UsbSpec","Control Out Transfer","2 ","08,01,C4,00,C3,00,00,00",
"4284","Validation","2017-08-01T09:25:12.8696171","0.0159098","UsbSpec","Interrupt In Transfer","2 ","00,08,01,C8,9A,42,A4,0A",
"4281","None","2017-08-01T09:25:12.8622588","0.0006309","UsbSpec","Control Out Transfer","2 ","08,01,C0,00,C3,00,00,00",
"4280","None","2017-08-01T09:25:12.8621463","0.0153758","UsbSpec","Interrupt In Transfer","2 ","00,08,01,C4,81,45,73,1D",
"4277","None","2017-08-01T09:25:12.8537451","0.0004799","UsbSpec","Control Out Transfer","2 ","08,01,BC,00,C3,00,00,00",
"4276","None","2017-08-01T09:25:12.8536526","0.0158599","UsbSpec","Interrupt In Transfer","2 ","00,08,01,C0,B5,27,1D,85",
"4273","None","2017-08-01T09:25:12.8456026","0.0004787","UsbSpec","Control Out Transfer","2 ","08,01,B8,00,C3,00,00,00",
"4272","None","2017-08-01T09:25:12.8455335","0.0165686","UsbSpec","Interrupt In Transfer","2 ","00,08,01,BC,31,1A,60,0C",
"4269","None","2017-08-01T09:25:12.8378387","0.0005944","UsbSpec","Control Out Transfer","2 ","08,01,B4,00,C3,00,00,00",
"4268","None","2017-08-01T09:25:12.8377851","0.0157750","UsbSpec","Interrupt In Transfer","2 ","00,08,01,B8,E6,F6,B9,41",
"4265","None","2017-08-01T09:25:12.8298102","0.0007035","UsbSpec","Control Out Transfer","2 ","08,01,B0,00,C3,00,00,00",
"4264","None","2017-08-01T09:25:12.8297306","0.0157708","UsbSpec","Interrupt In Transfer","2 ","00,08,01,B4,A1,72,6F,45",
"4261","None","2017-08-01T09:25:12.8218051","0.0005709","UsbSpec","Control Out Transfer","2 ","08,01,AC,00,C3,00,00,00",
"4260","None","2017-08-01T09:25:12.8217270","0.0160253","UsbSpec","Interrupt In Transfer","2 ","00,08,01,B0,FD,01,11,28",
"4257","None","2017-08-01T09:25:12.8138960","0.0007797","UsbSpec","Control Out Transfer","2 ","08,01,A8,00,C3,00,00,00",
"4256","None","2017-08-01T09:25:12.8138163","0.0158829","UsbSpec","Interrupt In Transfer","2 ","00,08,01,AC,86,40,DF,05",
"4253","None","2017-08-01T09:25:12.8056273","0.0006812","UsbSpec","Control Out Transfer","2 ","08,01,A4,00,C3,00,00,00",
"4252","None","2017-08-01T09:25:12.8055431","0.0161155","UsbSpec","Interrupt In Transfer","2 ","00,08,01,A8,C3,44,C3,73",
"4249","None","2017-08-01T09:25:12.7975980","0.0004728","UsbSpec","Control Out Transfer","2 ","08,01,A0,00,C3,00,00,00",
"4248","Validation","2017-08-01T09:25:12.7974863","0.0162934","UsbSpec","Interrupt In Transfer","2 ","00,08,01,A4,F3,27,BD,52",
"4245","None","2017-08-01T09:25:12.7898372","0.0007076","UsbSpec","Control Out Transfer","2 ","08,01,9C,00,C3,00,00,00",
"4244","None","2017-08-01T09:25:12.7897738","0.0157361","UsbSpec","Interrupt In Transfer","2 ","00,08,01,A0,A6,0A,62,19",
"4241","None","2017-08-01T09:25:12.7817457","0.0006543","UsbSpec","Control Out Transfer","2 ","08,01,98,00,C3,00,00,00",
"4240","None","2017-08-01T09:25:12.7816721","0.0157745","UsbSpec","Interrupt In Transfer","2 ","00,08,01,9C,1B,66,41,42",
"4237","None","2017-08-01T09:25:12.7739214","0.0007933","UsbSpec","Control Out Transfer","2 ","08,01,94,00,C3,00,00,00",
"4236","None","2017-08-01T09:25:12.7738478","0.0158373","UsbSpec","Interrupt In Transfer","2 ","00,08,01,98,3B,46,26,45",
"4233","None","2017-08-01T09:25:12.7662641","0.0006321","UsbSpec","Control Out Transfer","2 ","08,01,90,00,C3,00,00,00",
"4232","None","2017-08-01T09:25:12.7661440","0.0154941","UsbSpec","Interrupt In Transfer","2 ","00,08,01,94,5E,0C,F6,27",
"4229","None","2017-08-01T09:25:12.7577867","0.0006328","UsbSpec","Control Out Transfer","2 ","08,01,8C,00,C3,00,00,00",
"4228","None","2017-08-01T09:25:12.7576662","0.0161322","UsbSpec","Interrupt In Transfer","2 ","00,08,01,90,6A,41,0C,1A",
"4225","None","2017-08-01T09:25:12.7496003","0.0004807","UsbSpec","Control Out Transfer","2 ","08,01,88,00,C3,00,00,00",
"4224","None","2017-08-01T09:25:12.7495165","0.0165811","UsbSpec","Interrupt In Transfer","2 ","00,08,01,8C,19,45,FE,5B",
"4221","None","2017-08-01T09:25:12.7416220","0.0004747","UsbSpec","Control Out Transfer","2 ","08,01,84,00,C3,00,00,00",
"4220","None","2017-08-01T09:25:12.7415575","0.0160781","UsbSpec","Interrupt In Transfer","2 ","00,08,01,88,3B,28,46,C6",
"4217","None","2017-08-01T09:25:12.7336252","0.0006197","UsbSpec","Control Out Transfer","2 ","08,01,80,00,C3,00,00,00",
"4216","None","2017-08-01T09:25:12.7335527","0.0159294","UsbSpec","Interrupt In Transfer","2 ","00,08,01,84,F4,05,19,02",
"4213","None","2017-08-01T09:25:12.7260257","0.0006547","UsbSpec","Control Out Transfer","2 ","08,01,7C,00,C3,00,00,00",
"4212","None","2017-08-01T09:25:12.7259150","0.0156040","UsbSpec","Interrupt In Transfer","2 ","00,08,01,80,45,43,0C,40",
"4209","None","2017-08-01T09:25:12.7178382","0.0006332","UsbSpec","Control Out Transfer","2 ","08,01,78,00,C3,00,00,00",
"4208","None","2017-08-01T09:25:12.7176770","0.0158361","UsbSpec","Interrupt In Transfer","2 ","00,08,01,7C,B4,D4,53,44",
"4205","None","2017-08-01T09:25:12.7099147","0.0005920","UsbSpec","Control Out Transfer","2 ","08,01,74,00,C3,00,00,00",
"4204","None","2017-08-01T09:25:12.7098459","0.0160374","UsbSpec","Interrupt In Transfer","2 ","00,08,01,78,29,19,14,28",
"4201","None","2017-08-01T09:25:12.7015697","0.0004920","UsbSpec","Control Out Transfer","2 ","08,01,70,00,C3,00,00,00",
"4200","None","2017-08-01T09:25:12.7014935","0.0161525","UsbSpec","Interrupt In Transfer","2 ","00,08,01,74,BE,41,9A,0A",
"4197","None","2017-08-01T09:25:12.6938316","0.0006094","UsbSpec","Control Out Transfer","2 ","08,01,6C,00,C3,00,00,00",
"4196","None","2017-08-01T09:25:12.6937587","0.0160555","UsbSpec","Interrupt In Transfer","2 ","00,08,01,70,AD,44,18,66",
"4193","None","2017-08-01T09:25:12.6856551","0.0006052","UsbSpec","Control Out Transfer","2 ","08,01,68,00,C3,00,00,00",
"4192","None","2017-08-01T09:25:12.6855848","0.0158577","UsbSpec","Interrupt In Transfer","2 ","00,08,01,6C,21,28,27,5A",
"4189","None","2017-08-01T09:25:12.6780042","0.0006879","UsbSpec","Control Out Transfer","2 ","08,01,64,00,C3,00,00,00",
"4188","None","2017-08-01T09:25:12.6779373","0.0157550","UsbSpec","Interrupt In Transfer","2 ","00,08,01,68,AA,19,52,0C",
"4185","None","2017-08-01T09:25:12.6696747","0.0005116","UsbSpec","Control Out Transfer","2 ","08,01,60,00,C3,00,00,00",
"4184","None","2017-08-01T09:25:12.6695630","0.0159652","UsbSpec","Interrupt In Transfer","2 ","00,08,01,64,A1,81,E9,40",
"4181","None","2017-08-01T09:25:12.6618803","0.0006019","UsbSpec","Control Out Transfer","2 ","08,01,5C,00,C3,00,00,00",
"4180","None","2017-08-01T09:25:12.6618244","0.0160446","UsbSpec","Interrupt In Transfer","2 ","00,08,01,60,87,EC,A0,44",
"4177","None","2017-08-01T09:25:12.6538159","0.0006381","UsbSpec","Control Out Transfer","2 ","08,01,58,00,C3,00,00,00",
"4176","None","2017-08-01T09:25:12.6537280","0.0157806","UsbSpec","Interrupt In Transfer","2 ","00,08,01,5C,80,02,83,28",
"4173","None","2017-08-01T09:25:12.6458528","0.0006252","UsbSpec","Control Out Transfer","2 ","08,01,54,00,C3,00,00,00",
"4172","None","2017-08-01T09:25:12.6457704","0.0160325","UsbSpec","Interrupt In Transfer","2 ","00,08,01,58,8E,3F,13,06",
"4169","None","2017-08-01T09:25:12.6374908","0.0006159","UsbSpec","Control Out Transfer","2 ","08,01,50,00,C3,00,00,00",
"4168","None","2017-08-01T09:25:12.6374429","0.0162662","UsbSpec","Interrupt In Transfer","2 ","00,08,01,54,DF,43,80,8C",
"4165","None","2017-08-01T09:25:12.6300246","0.0007453","UsbSpec","Control Out Transfer","2 ","08,01,4C,00,C3,00,00,00",
"4164","None","2017-08-01T09:25:12.6299430","0.0158104","UsbSpec","Interrupt In Transfer","2 ","00,08,01,50,99,27,DE,9C",
"4161","None","2017-08-01T09:25:12.6219051","0.0007393","UsbSpec","Control Out Transfer","2 ","08,01,48,00,C3,00,00,00",
"4160","None","2017-08-01T09:25:12.6218832","0.0155419","UsbSpec","Interrupt In Transfer","2 ","00,08,01,4C,90,0A,9A,18",
"4157","None","2017-08-01T09:25:12.6135009","0.0005418","UsbSpec","Control Out Transfer","2 ","08,01,44,00,C3,00,00,00",
"4156","None","2017-08-01T09:25:12.6134552","0.0164723","UsbSpec","Interrupt In Transfer","2 ","00,08,01,48,50,CE,20,41",
"4153","None","2017-08-01T09:25:12.6055346","0.0005003","UsbSpec","Control Out Transfer","2 ","08,01,40,00,C3,00,00,00",
"4152","None","2017-08-01T09:25:12.6054655","0.0163561","UsbSpec","Interrupt In Transfer","2 ","00,08,01,44,8E,D4,27,44",
"4149","None","2017-08-01T09:25:12.5974839","0.0005350","UsbSpec","Control Out Transfer","2 ","08,01,3C,00,C3,00,00,00",
"4148","None","2017-08-01T09:25:12.5974367","0.0160086","UsbSpec","Interrupt In Transfer","2 ","00,08,01,40,43,0C,EB,28",
"4145","None","2017-08-01T09:25:12.5895411","0.0004821","UsbSpec","Control Out Transfer","2 ","08,01,38,00,C3,00,00,00",
"4144","None","2017-08-01T09:25:12.5894750","0.0159792","UsbSpec","Interrupt In Transfer","2 ","00,08,01,3C,4D,40,A6,18",
"4141","None","2017-08-01T09:25:12.5815669","0.0004928","UsbSpec","Control Out Transfer","2 ","08,01,34,00,C3,00,00,00",
"4140","None","2017-08-01T09:25:12.5814876","0.0159426","UsbSpec","Interrupt In Transfer","2 ","00,08,01,38,1D,44,BE,4A",
"4137","None","2017-08-01T09:25:12.5736241","0.0005045","UsbSpec","Control Out Transfer","2 ","08,01,30,00,C3,00,00,00",
"4136","None","2017-08-01T09:25:12.5735600","0.0159067","UsbSpec","Interrupt In Transfer","2 ","00,08,01,34,D7,26,BB,76",
"4133","None","2017-08-01T09:25:12.5659347","0.0008167","UsbSpec","Control Out Transfer","2 ","08,01,2C,00,C3,00,00,00",
"4132","None","2017-08-01T09:25:12.5658531","0.0156247","UsbSpec","Interrupt In Transfer","2 ","00,08,01,30,DA,06,DF,03",
"4129","None","2017-08-01T09:25:12.5577865","0.0004659","UsbSpec","Control Out Transfer","2 ","08,01,28,00,C3,00,00,00",
"4128","None","2017-08-01T09:25:12.5577166","0.0157731","UsbSpec","Interrupt In Transfer","2 ","00,08,01,2C,AD,39,04,3F",
"4125","None","2017-08-01T09:25:12.5496364","0.0005890","UsbSpec","Control Out Transfer","2 ","08,01,24,00,C3,00,00,00",
"4124","None","2017-08-01T09:25:12.5495424","0.0162628","UsbSpec","Interrupt In Transfer","2 ","00,08,01,28,89,C2,69,43",
"4121","None","2017-08-01T09:25:12.5416600","0.0006917","UsbSpec","Control Out Transfer","2 ","08,01,20,00,C3,00,00,00",
"4120","None","2017-08-01T09:25:12.5415803","0.0160993","UsbSpec","Interrupt In Transfer","2 ","00,08,01,24,4B,16,8C,27",
"4117","None","2017-08-01T09:25:12.5340027","0.0006169","UsbSpec","Control Out Transfer","2 ","08,01,1C,00,C3,00,00,00",
"4116","None","2017-08-01T09:25:12.5339332","0.0155794","UsbSpec","Interrupt In Transfer","2 ","00,08,01,20,30,40,89,0A",
"4113","None","2017-08-01T09:25:12.5261448","0.0009025","UsbSpec","Control Out Transfer","2 ","08,01,18,00,C3,00,00,00",
"4112","None","2017-08-01T09:25:12.5260485","0.0154945","UsbSpec","Interrupt In Transfer","2 ","00,08,01,1C,90,43,36,99",
"4109","None","2017-08-01T09:25:12.5180083","0.0005052","UsbSpec","Control Out Transfer","2 ","08,01,14,00,C3,00,00,00",
"4108","Validation","2017-08-01T09:25:12.5179000","0.0159622","UsbSpec","Interrupt In Transfer","2 ","00,08,01,18,A0,26,73,F4",
"4105","None","2017-08-01T09:25:12.5100104","0.0005101","UsbSpec","Control Out Transfer","2 ","08,01,10,00,C3,00,00,00",
"4104","None","2017-08-01T09:25:12.5099462","0.0160718","UsbSpec","Interrupt In Transfer","2 ","00,08,01,14,26,15,F4,0B",
"4101","None","2017-08-01T09:25:12.5015990","0.0005120","UsbSpec","Control Out Transfer","2 ","08,01,0C,00,C3,00,00,00",
"4100","None","2017-08-01T09:25:12.5015537","0.0163161","UsbSpec","Interrupt In Transfer","2 ","00,08,01,10,6F,0E,87,3F",
"4097","None","2017-08-01T09:25:12.4935804","0.0006143","UsbSpec","Control Out Transfer","2 ","08,01,08,00,C3,00,00,00",
"4096","None","2017-08-01T09:25:12.4934780","0.0163904","UsbSpec","Interrupt In Transfer","2 ","00,08,01,0C,2E,FD,8B,43",
"4093","None","2017-08-01T09:25:12.4856345","0.0004924","UsbSpec","Control Out Transfer","2 ","08,01,04,00,C3,00,00,00",
"4092","None","2017-08-01T09:25:12.4855352","0.0159547","UsbSpec","Interrupt In Transfer","2 ","00,08,01,08,18,0B,10,27",
"4089","None","2017-08-01T09:25:12.4781101","0.0007321","UsbSpec","Control Out Transfer","2 ","08,01,00,00,C3,00,00,00",
"4088","None","2017-08-01T09:25:12.4780131","0.0154343","UsbSpec","Interrupt In Transfer","2 ","00,08,01,04,A7,3E,8C,0A",
"4085","None","2017-08-01T09:25:12.4696319","0.0005660","UsbSpec","Control Out Transfer","2 ","08,00,FC,00,C3,00,00,00",
"4084","None","2017-08-01T09:25:12.4695413","0.0159645","UsbSpec","Interrupt In Transfer","2 ","00,08,01,00,23,43,C5,70",
"4081","None","2017-08-01T09:25:12.4616215","0.0004913","UsbSpec","Control Out Transfer","2 ","08,00,F8,00,C3,00,00,00",
"4080","None","2017-08-01T09:25:12.4615426","0.0164395","UsbSpec","Interrupt In Transfer","2 ","00,08,00,FC,10,27,DB,9D",
"4077","None","2017-08-01T09:25:12.4538467","0.0006246","UsbSpec","Control Out Transfer","2 ","08,00,F4,00,C3,00,00,00",
"4076","None","2017-08-01T09:25:12.4537799","0.0157085","UsbSpec","Interrupt In Transfer","2 ","00,08,00,F8,99,0A,19,0B",
"4073","None","2017-08-01T09:25:12.4456242","0.0005792","UsbSpec","Control Out Transfer","2 ","08,00,F0,00,C3,00,00,00",
"4072","None","2017-08-01T09:25:12.4455570","0.0159169","UsbSpec","Interrupt In Transfer","2 ","00,08,00,F4,3A,18,A8,3E",
"4069","None","2017-08-01T09:25:12.4375832","0.0004875","UsbSpec","Control Out Transfer","2 ","08,00,EC,00,C3,00,00,00",
"4068","None","2017-08-01T09:25:12.4374695","0.0162795","UsbSpec","Interrupt In Transfer","2 ","00,08,00,F0,73,DD,23,43",
"4065","None","2017-08-01T09:25:12.4297072","0.0005796","UsbSpec","Control Out Transfer","2 ","08,00,E8,00,C3,00,00,00",
"4064","None","2017-08-01T09:25:12.4296253","0.0158965","UsbSpec","Interrupt In Transfer","2 ","00,08,00,EC,1A,0B,10,27",
"4061","None","2017-08-01T09:25:12.4215402","0.0005633","UsbSpec","Control Out Transfer","2 ","08,00,E4,00,C3,00,00,00",
"4060","None","2017-08-01T09:25:12.4215016","0.0159347","UsbSpec","Interrupt In Transfer","2 ","00,08,00,E8,A8,3E,96,0A",
"4057","None","2017-08-01T09:25:12.4140414","0.0004969","UsbSpec","Control Out Transfer","2 ","08,00,E0,00,C3,00,00,00",
"4056","None","2017-08-01T09:25:12.4139746","0.0156156","UsbSpec","Interrupt In Transfer","2 ","00,08,00,E4,23,43,DB,83",
"4053","None","2017-08-01T09:25:12.4059340","0.0008069","UsbSpec","Control Out Transfer","2 ","08,00,DC,00,C3,00,00,00",
"4052","None","2017-08-01T09:25:12.4058283","0.0156428","UsbSpec","Interrupt In Transfer","2 ","00,08,00,E0,00,00,05,FE",
"4049","None","2017-08-01T09:25:12.3975724","0.0006393","UsbSpec","Control Out Transfer","2 ","08,00,D8,00,C3,00,00,00",
"4048","None","2017-08-01T09:25:12.3975026","0.0164410","UsbSpec","Interrupt In Transfer","2 ","00,08,00,DC,00,00,01,00",
"4045","None","2017-08-01T09:25:12.3899053","0.0007687","UsbSpec","Control Out Transfer","2 ","08,00,D4,00,C3,00,00,00",
"4044","None","2017-08-01T09:25:12.3898369","0.0159608","UsbSpec","Interrupt In Transfer","2 ","00,08,00,D8,00,00,00,00",
"4041","None","2017-08-01T09:25:12.3820440","0.0005532","UsbSpec","Control Out Transfer","2 ","08,00,D0,00,C3,00,00,00",
"4040","None","2017-08-01T09:25:12.3819953","0.0154733","UsbSpec","Interrupt In Transfer","2 ","00,08,00,D4,00,00,00,00",
"4037","None","2017-08-01T09:25:12.3737108","0.0006121","UsbSpec","Control Out Transfer","2 ","08,00,CC,00,C3,00,00,00",
"4036","None","2017-08-01T09:25:12.3736648","0.0161416","UsbSpec","Interrupt In Transfer","2 ","00,08,00,D0,00,00,00,00",
"4033","None","2017-08-01T09:25:12.3659742","0.0005331","UsbSpec","Control Out Transfer","2 ","08,00,C8,00,C3,00,00,00",
"4032","None","2017-08-01T09:25:12.3658787","0.0160483","UsbSpec","Interrupt In Transfer","2 ","00,08,00,CC,00,00,00,00",
"4029","None","2017-08-01T09:25:12.3576244","0.0005165","UsbSpec","Control Out Transfer","2 ","08,00,C4,00,C3,00,00,00",
"4028","None","2017-08-01T09:25:12.3575421","0.0160543","UsbSpec","Interrupt In Transfer","2 ","00,08,00,C8,DF,00,FF,00",
"4025","None","2017-08-01T09:25:12.3497390","0.0006687","UsbSpec","Control Out Transfer","2 ","08,00,C0,00,C3,00,00,00",
"4024","None","2017-08-01T09:25:12.3496374","0.0162043","UsbSpec","Interrupt In Transfer","2 ","00,08,00,C4,9F,00,BF,00",
"4021","None","2017-08-01T09:25:12.3415757","0.0004693","UsbSpec","Control Out Transfer","2 ","08,00,BC,00,C3,00,00,00",
"4020","None","2017-08-01T09:25:12.3414915","0.0160203","UsbSpec","Interrupt In Transfer","2 ","00,08,00,C0,60,00,80,00",
"4017","None","2017-08-01T09:25:12.3340565","0.0004610","UsbSpec","Control Out Transfer","2 ","08,00,B8,00,C3,00,00,00",
"4016","None","2017-08-01T09:25:12.3339927","0.0156081","UsbSpec","Interrupt In Transfer","2 ","00,08,00,BC,20,00,40,00",
"4013","None","2017-08-01T09:25:12.3260650","0.0005966","UsbSpec","Control Out Transfer","2 ","08,00,B4,00,C3,00,00,00",
"4012","None","2017-08-01T09:25:12.3259978","0.0154669","UsbSpec","Interrupt In Transfer","2 ","00,08,00,B8,09,00,00,00",
"4009","None","2017-08-01T09:25:12.3176786","0.0005101","UsbSpec","Control Out Transfer","2 ","08,00,B0,00,C3,00,00,00",
"4008","None","2017-08-01T09:25:12.3176076","0.0163190","UsbSpec","Interrupt In Transfer","2 ","00,08,00,B4,77,85,D7,66",
"4005","None","2017-08-01T09:25:12.3097720","0.0006646","UsbSpec","Control Out Transfer","2 ","08,00,AC,00,C3,00,00,00",
"4004","None","2017-08-01T09:25:12.3096655","0.0162911","UsbSpec","Interrupt In Transfer","2 ","00,08,00,B0,48,19,75,77",
"4001","None","2017-08-01T09:25:12.3015887","0.0005452","UsbSpec","Control Out Transfer","2 ","08,00,A8,00,C3,00,00,00",
"4000","None","2017-08-01T09:25:12.3015230","0.0160506","UsbSpec","Interrupt In Transfer","2 ","00,08,00,AC,40,5C,19,00",
"3997","None","2017-08-01T09:25:12.2939045","0.0007835","UsbSpec","Control Out Transfer","2 ","08,00,A4,00,C3,00,00,00",
"3996","None","2017-08-01T09:25:12.2938366","0.0157980","UsbSpec","Interrupt In Transfer","2 ","00,08,00,A8,FD,C0,92,34",
"3993","None","2017-08-01T09:25:12.2855649","0.0005147","UsbSpec","Control Out Transfer","2 ","08,00,A0,00,C3,00,00,00",
"3992","None","2017-08-01T09:25:12.2854913","0.0160000","UsbSpec","Interrupt In Transfer","2 ","00,08,00,A4,38,01,00,00",
"3989","None","2017-08-01T09:25:12.2780507","0.0004704","UsbSpec","Control Out Transfer","2 ","08,00,9C,00,C3,00,00,00",
"3988","None","2017-08-01T09:25:12.2779585","0.0158475","UsbSpec","Interrupt In Transfer","2 ","00,08,00,A0,56,A6,D7,66",
"3985","None","2017-08-01T09:25:12.2696484","0.0004772","UsbSpec","Control Out Transfer","2 ","08,00,98,00,C3,00,00,00",
"3984","Validation","2017-08-01T09:25:12.2695698","0.0158890","UsbSpec","Interrupt In Transfer","2 ","00,08,00,9C,28,5C,19,00",
"3981","None","2017-08-01T09:25:12.2618158","0.0006948","UsbSpec","Control Out Transfer","2 ","08,00,94,00,C3,00,00,00",
"3980","Validation","2017-08-01T09:25:12.2617479","0.0161785","UsbSpec","Interrupt In Transfer","2 ","00,08,00,98,30,00,10,01",
"3977","None","2017-08-01T09:25:12.2535936","0.0004724","UsbSpec","Control Out Transfer","2 ","08,00,90,00,C3,00,00,00",
"3976","None","2017-08-01T09:25:12.2535143","0.0160057","UsbSpec","Interrupt In Transfer","2 ","00,08,00,94,31,32,33,00",
"3973","None","2017-08-01T09:25:12.2458037","0.0006880","UsbSpec","Control Out Transfer","2 ","08,00,8C,00,C3,00,00,00",
"3972","None","2017-08-01T09:25:12.2457135","0.0160034","UsbSpec","Interrupt In Transfer","2 ","00,08,00,90,4C,45,4E,34",
"3969","None","2017-08-01T09:25:12.2377258","0.0006207","UsbSpec","Control Out Transfer","2 ","08,00,88,00,C3,00,00,00",
"3968","None","2017-08-01T09:25:12.2376280","0.0158584","UsbSpec","Interrupt In Transfer","2 ","00,08,00,8C,15,02,0B,12",
"3965","None","2017-08-01T09:25:12.2298188","0.0006880","UsbSpec","Control Out Transfer","2 ","08,00,84,00,C3,00,00,00",
"3964","None","2017-08-01T09:25:12.2297660","0.0159192","UsbSpec","Interrupt In Transfer","2 ","00,08,00,88,01,00,10,06",
"3961","None","2017-08-01T09:25:12.2219451","0.0006053","UsbSpec","Control Out Transfer","2 ","08,00,80,00,C3,00,00,00",
"3960","None","2017-08-01T09:25:12.2218568","0.0157417","UsbSpec","Interrupt In Transfer","2 ","00,08,00,84,00,EF,40,02",
"3957","None","2017-08-01T09:25:12.2150279","0.0005758","UsbSpec","Control Out Transfer","2 ","00,00,00,00,54,06,00,00",
"3956","None","2017-08-01T09:25:12.2146888","0.0150500","UsbSpec","Interrupt In Transfer","2 ","00,08,00,80,43,43,4D,32",
"3955","None","2017-08-01T09:25:12.2146658","0.0071736","UsbSpec","Interrupt In Transfer","2 ","00,00,45,43,43,4D,33,20",
"3953","Validation","2017-08-01T09:25:12.2141447","0.0004565","UsbSpec","Control Out Transfer","2 ","",
"3799","None","2017-08-01T09:24:54.3776109","2.0105175","UsbSpec","Interrupt In Transfer - Canceled","2 ","",
"3798","None","2017-08-01T09:24:54.3775897","2.0105360","UsbSpec","Interrupt In Transfer - Canceled","2 ","",
"3796","Validation","2017-08-01T09:24:54.3773613","0.0001805","UsbSpec","Control Out Transfer","2 ","",
